"日期","收盘","开盘","高","低","交易量","涨跌幅"
"2020年2月21日","901.00","906.98","913.06","880.45","14.34M","0.18%"
"2020年2月20日","899.41","911.95","912.00","859.94","17.63M","-1.96%"
"2020年2月19日","917.42","923.50","944.78","901.02","25.42M","6.88%"
"2020年2月18日","858.40","841.60","860.00","832.36","16.70M","7.30%"
"2020年2月14日","800.03","787.22","812.97","785.50","15.69M","-0.49%"
"2020年2月13日","804.00","741.84","818.00","735.00","26.29M","4.78%"
"2020年2月12日","767.29","777.87","789.75","763.37","12.02M","-0.92%"
"2020年2月11日","774.38","768.79","783.51","758.00","11.70M","0.40%"
"2020年2月10日","771.28","800.00","819.99","752.40","24.69M","3.10%"
"2020年2月7日","748.07","730.55","769.75","730.00","17.06M","-0.12%"
"2020年2月6日","748.96","699.92","795.83","687.00","39.88M","1.94%"
"2020年2月5日","734.70","823.26","845.98","704.11","48.42M","-17.18%"
"2020年2月4日","887.06","882.96","968.99","833.88","60.94M","13.73%"
"2020年2月3日","780.00","673.69","786.14","673.52","47.23M","19.89%"
"2020年1月31日","650.57","640.00","653.00","632.52","15.72M","1.52%"
"2020年1月30日","640.81","632.42","650.88","618.00","29.01M","10.30%"
"2020年1月29日","580.99","575.69","589.80","567.43","18.22M","2.49%"
"2020年1月28日","566.90","568.49","576.81","558.08","11.79M","1.59%"
"2020年1月27日","558.02","541.99","564.44","539.28","13.61M","-1.20%"
"2020年1月24日","564.82","570.63","573.86","554.26","14.35M","-1.29%"
"2020年1月23日","572.20","564.25","582.00","555.60","19.65M","0.46%"
"2020年1月22日","569.56","571.89","594.50","559.10","31.37M","4.09%"
"2020年1月21日","547.20","530.25","548.58","528.41","17.80M","7.19%"
"2020年1月17日","510.50","507.61","515.67","503.16","13.63M","-0.58%"
"2020年1月16日","513.49","493.75","514.46","492.17","21.74M","-0.97%"
"2020年1月15日","518.50","529.76","537.84","516.79","17.37M","-3.61%"
"2020年1月14日","537.92","544.25","547.41","524.90","29.06M","2.49%"
"2020年1月13日","524.86","493.50","525.63","492.00","26.63M","9.77%"
"2020年1月10日","478.15","481.79","484.94","473.70","12.98M","-0.66%"
"2020年1月9日","481.34","497.10","498.80","472.87","28.46M","-2.19%"
"2020年1月8日","492.14","473.70","498.49","468.23","31.20M","4.92%"
"2020年1月7日","469.06","461.40","471.63","453.36","18.21M","3.88%"
"2020年1月6日","451.54","440.47","451.56","440.00","10.16M","1.93%"
"2020年1月3日","443.01","440.50","454.00","436.92","17.79M","2.96%"
"2020年1月2日","430.26","424.50","430.70","421.71","9.56M","2.85%"
"2019年12月31日","418.33","405.00","421.29","402.08","10.29M","0.88%"
"2019年12月30日","414.70","428.79","429.00","409.26","12.60M","-3.64%"
"2019年12月27日","430.38","435.00","435.31","426.11","9.96M","-0.13%"
"2019年12月26日","430.94","427.91","433.48","426.35","10.65M","1.34%"
"2019年12月24日","425.25","418.36","425.47","412.69","8.05M","1.44%"
"2019年12月23日","419.22","411.78","422.01","410.00","13.33M","3.36%"
"2019年12月20日","405.59","410.29","413.00","400.19","14.79M","0.38%"
"2019年12月19日","404.04","397.32","406.85","396.50","18.12M","2.77%"
"2019年12月18日","393.15","380.63","395.22","380.58","14.14M","3.74%"
"2019年12月17日","378.99","378.99","385.50","375.90","8.50M","-0.66%"
"2019年12月16日","381.50","362.55","383.61","362.50","18.22M","6.45%"
"2019年12月13日","358.39","361.05","365.21","354.64","6.57M","-0.36%"
"2019年12月12日","359.68","354.92","362.74","353.23","7.78M","1.98%"
"2019年12月11日","352.70","351.88","357.19","351.09","6.92M","1.11%"
"2019年12月10日","348.84","339.96","350.73","339.31","8.84M","2.74%"
"2019年12月9日","339.53","336.59","344.45","335.08","9.04M","1.08%"
"2019年12月6日","335.89","335.00","338.86","334.77","7.62M","1.67%"
"2019年12月5日","330.37","332.83","334.42","327.25","3.74M","-0.80%"
"2019年12月4日","333.03","337.75","337.86","332.85","5.54M","-0.94%"
"2019年12月3日","336.20","332.62","337.91","332.19","6.61M","0.40%"
"2019年12月2日","334.87","329.40","336.38","328.69","6.08M","1.49%"
"2019年11月29日","329.94","331.11","331.26","327.50","2.47M","-0.41%"
"2019年11月27日","331.29","331.12","333.93","328.57","5.56M","0.72%"
"2019年11月26日","328.92","335.27","335.50","327.10","7.96M","-2.21%"
"2019年11月25日","336.34","344.32","344.57","334.46","12.35M","0.99%"
"2019年11月22日","333.04","340.16","341.00","330.00","16.87M","-6.14%"
"2019年11月21日","354.83","354.51","360.84","354.00","6.11M","0.74%"
"2019年11月20日","352.22","360.00","361.20","349.57","6.73M","-2.03%"
"2019年11月19日","359.52","351.75","359.99","347.80","7.74M","2.72%"
"2019年11月18日","349.99","352.92","353.15","346.10","4.41M","-0.62%"
"2019年11月15日","352.17","350.64","352.80","348.36","4.81M","0.81%"
"2019年11月14日","349.35","346.11","353.84","342.91","6.47M","0.94%"
"2019年11月13日","346.11","355.00","356.33","345.18","8.47M","-1.09%"
"2019年11月12日","349.93","346.90","350.37","344.04","7.36M","1.40%"
"2019年11月11日","345.09","343.95","349.19","342.00","9.99M","2.36%"
"2019年11月8日","337.14","334.50","337.46","332.50","6.07M","0.48%"
"2019年11月7日","335.54","329.14","341.50","328.02","14.47M","2.74%"
"2019年11月6日","326.58","318.00","326.72","314.50","7.94M","2.95%"
"2019年11月5日","317.22","319.62","323.51","316.12","6.94M","-0.08%"
"2019年11月4日","317.47","314.80","321.94","309.26","8.79M","1.33%"
"2019年11月1日","313.31","316.32","316.48","309.80","6.38M","-0.51%"
"2019年10月31日","314.92","313.10","319.00","313.00","5.07M","-0.03%"
"2019年10月30日","315.01","313.00","318.79","309.97","9.64M","-0.38%"
"2019年10月29日","316.22","319.99","324.30","314.75","12.68M","-3.51%"
"2019年10月28日","327.71","327.54","340.84","322.60","18.87M","-0.13%"
"2019年10月25日","328.13","297.72","330.00","296.11","30.01M","9.49%"
"2019年10月24日","299.68","298.37","304.93","289.20","29.82M","17.67%"
"2019年10月23日","254.68","254.50","256.14","251.35","11.22M","-0.35%"
"2019年10月22日","255.58","254.32","258.33","250.85","4.63M","0.82%"
"2019年10月21日","253.50","258.33","259.50","250.18","5.11M","-1.34%"
"2019年10月18日","256.95","260.70","262.80","255.10","5.75M","-1.92%"
"2019年10月17日","261.97","262.50","264.78","260.17","4.78M","0.85%"
"2019年10月16日","259.75","257.39","262.10","256.92","6.70M","0.72%"
"2019年10月15日","257.89","257.70","260.00","254.12","6.48M","0.36%"
"2019年10月14日","256.96","247.90","258.55","247.13","10.23M","3.66%"
"2019年10月11日","247.89","247.15","251.08","246.81","8.49M","1.29%"
"2019年10月10日","244.74","245.28","249.28","241.58","6.31M","0.09%"
"2019年10月9日","244.53","241.32","247.29","240.65","6.94M","1.87%"
"2019年10月8日","240.05","235.87","243.94","234.50","8.70M","0.98%"
"2019年10月7日","237.72","229.80","238.56","228.55","8.09M","2.72%"
"2019年10月4日","231.43","231.61","234.78","228.07","8.02M","-0.69%"
"2019年10月3日","233.03","231.86","234.48","224.28","15.14M","-4.15%"
"2019年10月2日","243.13","243.29","244.65","239.43","6.26M","-0.64%"
"2019年10月1日","244.69","241.50","245.95","239.13","6.20M","1.59%"
"2019年9月30日","240.87","243.00","243.98","236.11","5.95M","-0.52%"
"2019年9月27日","242.13","242.20","248.71","238.73","11.12M","-0.18%"
"2019年9月26日","242.56","230.66","243.31","227.40","12.08M","6.06%"
"2019年9月25日","228.70","224.56","228.98","218.36","9.44M","2.46%"
"2019年9月24日","223.21","241.52","241.99","222.61","12.94M","-7.47%"
"2019年9月23日","241.23","240.00","245.18","239.22","4.39M","0.25%"
"2019年9月20日","240.62","246.49","246.95","238.16","6.51M","-2.42%"
"2019年9月19日","246.60","246.00","247.94","244.84","4.88M","1.28%"
"2019年9月18日","243.49","245.00","248.17","242.37","4.23M","-0.53%"
"2019年9月17日","244.79","242.47","245.60","240.37","3.95M","0.82%"
"2019年9月16日","242.81","246.00","247.43","241.17","4.73M","-0.97%"
"2019年9月13日","245.20","246.96","248.45","244.87","5.31M","-0.27%"
"2019年9月12日","245.87","247.70","253.50","244.40","8.58M","-0.50%"
"2019年9月11日","247.10","237.38","248.17","236.00","10.04M","4.91%"
"2019年9月10日","235.54","230.80","235.54","228.94","4.88M","1.62%"
"2019年9月9日","231.79","230.00","233.76","229.23","4.80M","1.91%"
"2019年9月6日","227.45","227.20","229.64","225.17","4.19M","-0.93%"
"2019年9月5日","229.58","222.50","229.80","220.85","7.40M","4.03%"
"2019年9月4日","220.68","226.89","228.46","219.21","5.77M","-1.92%"
"2019年9月3日","225.01","224.08","228.95","223.16","5.36M","-0.27%"
"2019年8月30日","225.61","229.15","232.44","224.21","9.33M","1.76%"
"2019年8月29日","221.71","219.00","223.40","218.00","5.18M","2.84%"
"2019年8月28日","215.59","213.69","217.25","212.31","3.24M","0.71%"
"2019年8月27日","214.08","215.74","218.80","212.03","5.42M","-0.43%"
"2019年8月26日","215.00","213.60","215.02","211.54","5.05M","1.70%"
"2019年8月23日","211.40","219.97","221.17","211.00","8.56M","-4.84%"
"2019年8月22日","222.15","222.80","225.40","218.22","6.56M","0.60%"
"2019年8月21日","220.83","222.01","223.22","217.60","7.80M","-2.23%"
"2019年8月20日","225.86","227.62","229.09","224.54","4.17M","-0.43%"
"2019年8月19日","226.83","224.21","227.83","221.70","5.31M","3.13%"
"2019年8月16日","219.94","216.66","222.24","216.02","5.21M","1.99%"
"2019年8月15日","215.64","220.86","221.56","211.55","8.23M","-1.81%"
"2019年8月14日","219.62","231.21","231.50","216.69","9.56M","-6.54%"
"2019年8月13日","235.00","228.81","236.00","227.55","4.87M","2.62%"
"2019年8月12日","229.01","232.99","235.77","228.75","4.66M","-2.55%"
"2019年8月9日","235.01","236.05","238.96","233.81","3.90M","-1.38%"
"2019年8月8日","238.30","234.45","239.80","232.65","5.27M","2.09%"
"2019年8月7日","233.42","226.50","233.57","225.80","4.78M","1.16%"
"2019年8月6日","230.75","231.88","232.50","225.75","5.56M","1.06%"
"2019年8月5日","228.32","229.60","231.37","225.78","7.03M","-2.57%"
"2019年8月2日","234.34","231.35","236.27","229.23","6.14M","0.21%"
"2019年8月1日","233.85","242.65","244.51","231.77","8.26M","-3.21%"
"2019年7月31日","241.61","243.00","246.68","236.65","9.18M","-0.27%"
"2019年7月30日","242.26","232.90","243.36","232.18","8.11M","2.75%"
"2019年7月29日","235.77","227.09","235.94","226.03","9.27M","3.39%"
"2019年7月26日","228.04","226.92","230.26","222.25","10.03M","-0.34%"
"2019年7月25日","228.82","233.50","234.50","225.55","22.42M","-13.61%"
"2019年7月24日","264.88","259.17","266.07","258.16","11.07M","1.81%"
"2019年7月23日","260.17","256.71","260.48","254.50","5.02M","1.76%"
"2019年7月22日","255.68","258.75","262.15","254.19","6.85M","-0.97%"
"2019年7月19日","258.18","255.69","259.96","254.62","7.05M","1.83%"
"2019年7月18日","253.54","255.05","255.75","251.88","4.76M","-0.52%"
"2019年7月17日","254.86","255.67","258.31","253.35","9.76M","0.98%"
"2019年7月16日","252.38","249.30","253.53","247.93","8.15M","-0.44%"
"2019年7月15日","253.50","248.00","254.42","244.86","11.00M","3.44%"
"2019年7月12日","245.08","239.75","245.38","239.71","9.20M","2.72%"
"2019年7月11日","238.60","238.14","241.50","235.80","7.51M","-0.13%"
"2019年7月10日","238.92","234.15","238.94","233.14","9.15M","3.85%"
"2019年7月9日","230.06","228.97","231.00","227.28","6.19M","-0.12%"
"2019年7月8日","230.34","231.24","232.25","228.66","5.88M","-1.18%"
"2019年7月5日","233.10","234.57","235.45","230.80","7.07M","-0.77%"
"2019年7月3日","234.90","239.39","241.57","234.51","14.20M","4.61%"
"2019年7月2日","224.55","228.89","229.15","222.22","9.26M","-1.15%"
"2019年7月1日","227.17","230.21","233.10","226.28","8.24M","1.66%"
"2019年6月28日","223.46","220.99","225.17","220.80","6.85M","0.28%"
"2019年6月27日","222.84","219.45","222.90","217.35","6.34M","1.63%"
"2019年6月26日","219.27","220.31","227.23","218.10","8.51M","-0.22%"
"2019年6月25日","219.76","224.39","225.34","219.49","6.18M","-1.73%"
"2019年6月24日","223.64","223.24","225.86","221.02","5.75M","0.80%"
"2019年6月21日","221.86","216.22","222.18","215.50","8.20M","1.02%"
"2019年6月20日","219.62","223.00","226.90","216.35","11.86M","-3.01%"
"2019年6月19日","226.43","225.11","227.77","221.06","6.58M","0.75%"
"2019年6月18日","224.74","228.72","234.74","222.56","12.72M","-0.13%"
"2019年6月17日","225.03","215.48","227.00","214.27","12.32M","4.70%"
"2019年6月14日","214.92","211.25","216.65","210.40","7.43M","0.47%"
"2019年6月13日","213.91","210.38","214.90","207.51","8.17M","2.22%"
"2019年6月12日","209.26","222.95","223.38","209.00","15.20M","-3.61%"
"2019年6月11日","217.10","219.14","220.90","213.50","11.65M","1.98%"
"2019年6月10日","212.88","210.25","216.94","209.01","10.59M","4.10%"
"2019年6月7日","204.50","205.00","210.84","203.50","16.00M","-0.70%"
"2019年6月6日","205.95","204.44","211.00","201.80","20.24M","4.76%"
"2019年6月5日","196.59","198.68","201.28","191.85","13.51M","1.54%"
"2019年6月4日","193.60","181.10","193.98","179.61","13.81M","8.17%"
"2019年6月3日","178.97","185.51","186.68","176.99","13.06M","-3.34%"
"2019年5月31日","185.16","185.10","189.92","184.10","10.41M","-1.63%"
"2019年5月30日","188.22","188.75","192.25","187.02","7.93M","-0.86%"
"2019年5月29日","189.86","187.10","192.39","185.04","11.97M","0.61%"
"2019年5月28日","188.70","191.20","195.00","187.85","10.31M","-1.01%"
"2019年5月24日","190.63","199.83","199.98","188.75","14.14M","-2.49%"
"2019年5月23日","195.49","194.34","199.47","186.22","26.55M","1.43%"
"2019年5月22日","192.73","199.10","203.94","191.78","18.69M","-6.02%"
"2019年5月21日","205.08","197.76","207.40","196.04","18.00M","-0.14%"
"2019年5月20日","205.36","202.80","206.00","195.25","20.53M","-2.69%"
"2019年5月17日","211.03","221.96","222.24","208.92","17.79M","-7.58%"
"2019年5月16日","228.33","229.49","231.00","226.50","7.48M","-1.56%"
"2019年5月15日","231.95","229.32","232.44","225.25","7.30M","-0.15%"
"2019年5月14日","232.31","229.30","234.50","228.00","7.25M","2.33%"
"2019年5月13日","227.01","232.01","232.47","224.50","10.83M","-5.22%"
"2019年5月10日","239.52","239.75","241.99","236.02","7.01M","-1.02%"
"2019年5月9日","241.98","242.00","243.68","236.94","6.71M","-1.17%"
"2019年5月8日","244.84","246.94","250.60","244.20","6.18M","-0.90%"
"2019年5月7日","247.06","256.80","257.21","245.10","10.13M","-3.24%"
"2019年5月6日","255.34","250.02","258.35","248.50","10.83M","0.12%"
"2019年5月3日","255.03","243.86","256.61","243.49","23.71M","4.48%"
"2019年5月2日","244.10","245.52","247.13","237.72","18.16M","4.31%"
"2019年5月1日","234.01","238.85","240.00","231.50","10.70M","-1.96%"
"2019年4月30日","238.69","242.06","244.21","237.00","9.46M","-1.15%"
"2019年4月29日","241.47","235.86","243.98","232.17","16.71M","2.69%"
"2019年4月26日","235.14","246.50","246.68","231.13","22.36M","-5.04%"
"2019年4月25日","247.63","255.00","259.00","246.07","21.85M","-4.26%"
"2019年4月24日","258.66","263.85","265.32","258.00","10.73M","-1.99%"
"2019年4月23日","263.90","260.15","265.60","255.75","10.94M","0.44%"
"2019年4月22日","262.75","269.00","269.68","262.48","12.15M","-3.85%"
"2019年4月18日","273.26","271.23","274.84","269.75","5.88M","0.75%"
"2019年4月17日","271.23","274.75","274.79","268.54","5.13M","-0.78%"
"2019年4月16日","273.36","265.75","275.00","264.72","7.27M","2.62%"
"2019年4月15日","266.38","268.63","268.88","258.63","10.04M","-0.49%"
"2019年4月12日","267.70","270.22","271.95","266.83","6.75M","-0.27%"
"2019年4月11日","268.42","268.30","270.50","265.60","9.84M","-2.77%"
"2019年4月10日","276.06","276.74","278.38","272.89","7.06M","1.38%"
"2019年4月9日","272.31","271.65","275.00","269.61","5.90M","-0.33%"
"2019年4月8日","273.20","277.69","281.16","270.44","10.41M","-0.64%"
"2019年4月5日","274.96","269.86","276.10","266.11","13.04M","2.68%"
"2019年4月4日","267.78","261.89","271.20","260.59","23.72M","-8.23%"
"2019年4月3日","291.81","287.32","296.17","287.17","7.93M","2.07%"
"2019年4月2日","285.88","288.30","289.44","283.88","5.48M","-1.14%"
"2019年4月1日","289.18","282.62","289.20","281.28","8.11M","3.33%"
"2019年3月29日","279.86","278.70","280.16","274.50","5.99M","0.45%"
"2019年3月28日","278.62","277.16","280.33","275.10","6.77M","1.38%"
"2019年3月27日","274.83","268.75","275.37","268.18","8.78M","2.64%"
"2019年3月26日","267.77","264.44","270.26","264.43","7.35M","2.82%"
"2019年3月25日","260.42","259.71","263.18","254.46","10.22M","-1.55%"
"2019年3月22日","264.53","272.58","272.80","264.00","8.75M","-3.46%"
"2019年3月21日","274.02","272.60","276.45","268.45","5.95M","0.15%"
"2019年3月20日","273.60","269.69","274.97","266.30","6.91M","2.29%"
"2019年3月19日","267.47","267.50","273.30","263.46","11.80M","-0.75%"
"2019年3月18日","269.49","276.00","278.05","267.30","10.28M","-2.16%"
"2019年3月15日","275.43","283.51","283.72","274.40","14.79M","-5.01%"
"2019年3月14日","289.96","292.45","295.39","288.29","7.10M","0.35%"
"2019年3月13日","288.96","283.90","291.99","282.70","6.84M","1.98%"
"2019年3月12日","283.36","286.49","288.07","281.06","7.50M","-2.60%"
"2019年3月11日","290.92","283.52","291.28","280.50","7.39M","2.39%"
"2019年3月8日","284.14","276.91","285.59","275.89","8.82M","2.73%"
"2019年3月7日","276.59","278.84","284.70","274.25","9.44M","0.13%"
"2019年3月6日","276.24","276.48","281.51","274.39","10.34M","-0.11%"
"2019年3月5日","276.54","282.00","284.00","270.10","18.76M","-3.09%"
"2019年3月4日","285.36","298.12","299.00","282.78","17.10M","-3.20%"
"2019年3月1日","294.79","306.94","307.13","291.90","22.91M","-7.84%"
"2019年2月28日","319.88","318.92","320.00","310.81","10.52M","1.63%"
"2019年2月27日","314.74","301.78","316.30","300.55","11.18M","5.67%"
"2019年2月26日","297.86","292.22","302.01","288.77","8.58M","-0.30%"
"2019年2月25日","298.77","297.91","302.90","297.00","6.63M","1.38%"
"2019年2月22日","294.71","294.49","296.50","292.10","5.74M","1.19%"
"2019年2月21日","291.23","301.81","303.24","290.50","8.91M","-3.74%"
"2019年2月20日","302.56","304.41","306.30","299.00","7.14M","-1.01%"
"2019年2月19日","305.64","306.56","311.54","305.47","4.17M","-0.73%"
"2019年2月15日","307.88","304.50","308.00","303.90","3.90M","1.35%"
"2019年2月14日","303.77","303.38","306.77","301.00","5.20M","-1.43%"
"2019年2月13日","308.17","312.35","312.75","305.57","5.14M","-1.17%"
"2019年2月12日","311.81","316.20","318.19","309.62","5.52M","-0.33%"
"2019年2月11日","312.84","311.60","318.60","310.50","7.13M","2.30%"
"2019年2月8日","305.80","306.83","307.44","298.50","5.84M","-0.56%"
"2019年2月7日","307.51","313.30","314.70","303.00","6.52M","-3.06%"
"2019年2月6日","317.22","319.59","324.24","315.62","5.04M","-1.29%"
"2019年2月5日","321.35","312.49","322.44","312.25","6.74M","2.70%"
"2019年2月4日","312.89","312.98","315.30","301.88","7.35M","0.22%"
"2019年2月1日","312.21","305.42","316.10","303.50","7.28M","1.69%"
"2019年1月31日","307.02","301.00","311.56","294.00","12.57M","-0.57%"
"2019年1月30日","308.77","300.45","309.00","298.49","11.25M","3.80%"
"2019年1月29日","297.46","295.27","298.56","291.80","4.62M","0.36%"
"2019年1月28日","296.38","292.91","297.46","287.75","6.42M","-0.22%"
"2019年1月25日","297.04","294.39","298.52","289.55","7.26M","1.90%"
"2019年1月24日","291.51","283.03","293.68","279.28","8.01M","1.36%"
"2019年1月23日","287.59","292.50","294.50","281.69","12.53M","-3.79%"
"2019年1月22日","298.92","304.82","308.00","295.50","12.07M","-1.11%"
"2019年1月18日","302.26","323.00","327.13","299.73","24.15M","-12.97%"
"2019年1月17日","347.31","346.21","351.50","344.15","3.68M","0.36%"
"2019年1月16日","346.05","344.78","352.00","343.50","4.69M","0.47%"
"2019年1月15日","344.43","335.00","348.80","334.50","6.06M","3.00%"
"2019年1月14日","334.40","342.38","342.50","334.00","5.25M","-3.70%"
"2019年1月11日","347.26","342.09","348.41","338.77","5.04M","0.66%"
"2019年1月10日","344.97","334.40","345.39","331.79","6.06M","1.90%"
"2019年1月9日","338.53","335.50","343.50","331.47","5.43M","0.95%"
"2019年1月8日","335.35","341.96","344.01","327.02","7.01M","0.12%"
"2019年1月7日","334.96","321.72","336.74","317.75","7.55M","5.44%"
"2019年1月4日","317.69","306.00","318.00","302.73","7.39M","5.77%"
"2019年1月3日","300.36","307.00","309.40","297.38","6.97M","-3.15%"
"2019年1月2日","310.12","306.10","315.13","298.80","11.66M","-6.81%"
"2018年12月31日","332.80","337.79","339.21","325.26","6.30M","-0.32%"
"2018年12月28日","333.87","323.10","336.24","318.41","9.94M","5.61%"
"2018年12月27日","316.13","319.84","322.17","301.50","8.58M","-3.05%"
"2018年12月26日","326.09","300.00","326.97","294.09","8.16M","10.39%"
"2018年12月24日","295.39","313.50","314.50","295.19","5.56M","-7.62%"
"2018年12月21日","319.77","317.40","323.47","312.44","8.02M","1.39%"
"2018年12月20日","315.38","327.05","330.29","311.87","9.07M","-5.28%"
"2018年12月19日","332.97","337.60","347.01","329.74","8.27M","-1.20%"
"2018年12月18日","337.03","350.54","351.55","333.69","7.10M","-3.27%"
"2018年12月17日","348.42","362.00","365.70","343.88","7.67M","-4.73%"
"2018年12月14日","365.71","375.00","377.87","364.33","6.34M","-2.94%"
"2018年12月13日","376.79","370.15","377.44","366.75","7.37M","2.78%"
"2018年12月12日","366.60","369.42","371.91","365.16","5.03M","-0.04%"
"2018年12月11日","366.76","369.91","372.17","360.23","6.31M","0.44%"
"2018年12月10日","365.15","360.00","365.98","353.12","6.61M","2.01%"
"2018年12月7日","357.96","369.00","379.49","357.65","11.51M","-1.40%"
"2018年12月6日","363.06","356.01","367.38","350.76","7.84M","0.93%"
"2018年12月4日","359.70","356.05","368.68","352.00","8.46M","0.34%"
"2018年12月3日","358.49","360.00","366.00","352.00","8.31M","2.29%"
"2018年11月30日","350.48","341.83","351.60","338.26","5.63M","2.73%"
"2018年11月29日","341.17","347.00","347.50","339.55","3.08M","-1.93%"
"2018年11月28日","347.87","345.99","348.28","342.21","4.13M","1.15%"
"2018年11月27日","343.92","340.05","346.96","335.50","6.36M","-0.60%"
"2018年11月26日","346.00","325.00","346.22","325.00","7.99M","6.19%"
"2018年11月23日","325.83","334.35","337.50","325.55","4.20M","-3.65%"
"2018年11月21日","338.19","352.00","353.10","337.40","4.69M","-2.68%"
"2018年11月20日","347.49","341.75","349.80","333.55","8.00M","-1.69%"
"2018年11月19日","353.47","356.34","366.75","352.88","9.71M","-0.24%"
"2018年11月16日","354.31","345.19","355.70","345.12","7.21M","1.68%"
"2018年11月15日","348.44","342.33","348.58","339.04","4.63M","1.29%"
"2018年11月14日","344.00","342.70","347.11","337.15","5.04M","1.56%"
"2018年11月13日","338.73","333.16","344.70","332.20","5.45M","2.25%"
"2018年11月12日","331.28","348.37","349.78","330.34","6.94M","-5.49%"
"2018年11月9日","350.51","349.00","354.00","345.23","5.10M","-0.25%"
"2018年11月8日","351.40","348.50","357.58","348.44","7.09M","0.93%"
"2018年11月7日","348.16","343.34","351.18","340.80","7.37M","2.08%"
"2018年11月6日","341.06","339.07","348.80","336.09","6.76M","-0.10%"
"2018年11月5日","341.40","340.50","343.95","330.14","7.83M","-1.45%"
"2018年11月2日","346.41","343.74","349.20","340.91","7.81M","0.62%"
"2018年11月1日","344.28","338.26","347.84","334.73","8.00M","2.06%"
"2018年10月31日","337.32","332.54","342.00","329.10","7.62M","2.25%"
"2018年10月30日","329.90","328.39","337.90","322.26","9.13M","-1.48%"
"2018年10月29日","334.85","337.47","347.16","326.50","14.49M","1.19%"
"2018年10月26日","330.90","308.25","339.90","306.65","27.43M","5.09%"
"2018年10月25日","314.86","317.22","321.00","301.01","20.84M","9.14%"
"2018年10月24日","288.50","301.05","304.44","285.73","20.06M","-1.92%"
"2018年10月23日","294.14","263.87","297.93","262.10","19.03M","12.72%"
"2018年10月22日","260.95","260.68","261.86","252.59","5.60M","0.37%"
"2018年10月19日","260.00","267.39","269.66","253.50","9.38M","-1.48%"
"2018年10月18日","263.91","269.29","271.00","263.00","5.42M","-2.90%"
"2018年10月17日","271.78","282.40","282.70","265.80","8.66M","-1.74%"
"2018年10月16日","276.59","265.70","277.38","262.24","9.53M","6.55%"
"2018年10月15日","259.59","259.06","263.28","254.54","6.20M","0.31%"
"2018年10月12日","258.78","261.00","261.99","252.01","7.20M","2.60%"
"2018年10月11日","252.23","257.53","262.25","249.03","8.17M","-1.81%"
"2018年10月10日","256.88","264.61","265.51","247.77","12.82M","-2.25%"
"2018年10月9日","262.80","255.25","266.77","253.30","12.06M","4.89%"
"2018年10月8日","250.56","264.52","267.76","249.00","13.47M","-4.35%"
"2018年10月5日","261.95","274.65","274.88","260.00","17.94M","-7.05%"
"2018年10月4日","281.83","293.95","294.00","277.67","9.81M","-4.40%"
"2018年10月3日","294.80","303.33","304.60","291.57","7.99M","-2.07%"
"2018年10月2日","301.02","313.95","316.84","299.15","11.74M","-3.12%"
"2018年10月1日","310.70","305.77","311.44","301.05","21.78M","17.35%"
"2018年9月28日","264.77","270.26","278.00","260.56","33.65M","-13.90%"
"2018年9月27日","307.52","312.90","314.96","306.91","8.51M","-0.67%"
"2018年9月26日","309.58","301.91","313.89","301.11","7.84M","2.85%"
"2018年9月25日","300.99","300.00","304.60","296.50","4.48M","0.44%"
"2018年9月24日","299.68","298.48","303.00","293.58","4.84M","0.19%"
"2018年9月21日","299.10","297.70","300.58","295.37","5.05M","0.26%"
"2018年9月20日","298.33","303.56","305.98","293.33","7.35M","-0.23%"
"2018年9月19日","299.02","280.51","300.00","280.50","8.29M","4.93%"
"2018年9月18日","284.96","296.69","302.64","275.50","16.55M","-3.35%"
"2018年9月17日","294.84","290.04","300.87","288.13","6.89M","-0.12%"
"2018年9月14日","295.20","288.76","297.33","286.52","6.77M","1.98%"
"2018年9月13日","289.46","288.02","295.00","285.18","6.34M","-0.37%"
"2018年9月12日","290.54","281.44","292.50","278.65","10.02M","3.97%"
"2018年9月11日","279.44","279.47","282.00","273.55","9.17M","-2.12%"
"2018年9月10日","285.50","273.26","286.03","271.00","14.28M","8.46%"
"2018年9月7日","263.24","260.10","268.35","252.25","22.49M","-6.30%"
"2018年9月6日","280.95","284.80","291.17","278.88","7.48M","0.07%"
"2018年9月5日","280.74","285.05","286.78","277.18","7.72M","-2.84%"
"2018年9月4日","288.95","296.94","298.19","288.00","8.35M","-4.21%"
"2018年8月31日","301.66","302.00","305.31","298.60","5.38M","-0.49%"
"2018年8月30日","303.15","302.26","304.60","297.72","7.22M","-0.61%"
"2018年8月29日","305.01","310.27","311.85","303.69","7.45M","-2.20%"
"2018年8月28日","311.86","318.41","318.88","311.19","7.65M","-2.32%"
"2018年8月27日","319.27","318.00","322.44","308.81","13.08M","-1.10%"
"2018年8月24日","322.82","320.70","323.85","319.40","3.60M","0.85%"
"2018年8月23日","320.10","319.14","327.32","318.10","5.15M","-0.48%"
"2018年8月22日","321.64","320.87","323.88","314.67","5.95M","-0.08%"
"2018年8月21日","321.90","310.61","324.79","309.00","13.17M","4.36%"
"2018年8月20日","308.44","291.70","308.50","288.20","17.40M","0.96%"
"2018年8月17日","305.50","323.50","326.77","303.53","18.96M","-8.93%"
"2018年8月16日","335.45","339.91","342.28","333.82","6.06M","-0.96%"
"2018年8月15日","338.69","341.91","344.49","332.14","9.10M","-2.57%"
"2018年8月14日","347.64","358.45","359.20","347.10","6.99M","-2.46%"
"2018年8月13日","356.41","361.13","363.19","349.02","10.46M","0.26%"
"2018年8月10日","355.49","354.00","360.00","346.00","11.55M","0.86%"
"2018年8月9日","352.45","365.55","367.01","345.73","17.18M","-4.83%"
"2018年8月8日","370.34","369.09","382.64","367.12","24.57M","-2.43%"
"2018年8月7日","379.57","343.84","387.46","339.15","30.88M","10.99%"
"2018年8月6日","341.99","345.46","354.98","341.82","8.56M","-1.78%"
"2018年8月3日","348.17","347.81","355.00","342.53","13.66M","-0.39%"
"2018年8月2日","349.54","328.44","349.99","323.16","23.21M","16.19%"
"2018年8月1日","300.84","297.99","303.00","293.00","10.13M","0.91%"
"2018年7月31日","298.14","292.25","298.32","289.07","5.08M","2.75%"
"2018年7月30日","290.17","295.90","296.10","286.13","6.81M","-2.36%"
"2018年7月27日","297.18","307.25","307.69","295.34","5.70M","-3.09%"
"2018年7月26日","306.65","304.85","310.70","303.64","4.63M","-0.68%"
"2018年7月25日","308.74","296.74","309.62","294.50","7.09M","3.80%"
"2018年7月24日","297.43","304.42","307.72","292.55","9.59M","-1.90%"
"2018年7月23日","303.20","301.84","305.50","292.86","10.99M","-3.31%"
"2018年7月20日","313.58","321.23","323.24","311.71","5.17M","-2.08%"
"2018年7月19日","320.23","316.33","323.54","314.01","5.92M","-1.12%"
"2018年7月18日","323.85","325.00","325.50","316.25","5.62M","0.36%"
"2018年7月17日","322.69","308.81","324.74","308.50","7.00M","4.06%"
"2018年7月16日","310.10","311.71","315.16","306.25","7.82M","-2.75%"
"2018年7月13日","318.87","315.58","319.58","309.25","5.88M","0.68%"
"2018年7月12日","316.71","321.43","323.23","312.77","5.72M","-0.71%"
"2018年7月11日","318.96","315.80","321.94","315.07","4.88M","-1.09%"
"2018年7月10日","322.47","324.56","327.68","319.20","9.47M","1.24%"
"2018年7月9日","318.51","311.99","318.52","308.00","7.60M","3.11%"
"2018年7月6日","308.90","304.95","312.07","302.00","8.87M","-0.08%"
"2018年7月5日","309.16","313.76","314.39","296.22","17.48M","-0.55%"
"2018年7月3日","310.86","331.75","332.49","309.69","12.28M","-7.23%"
"2018年7月2日","335.07","360.07","364.78","329.85","18.76M","-2.30%"
"2018年6月29日","342.95","353.33","353.86","342.41","6.49M","-1.99%"
"2018年6月28日","349.93","348.66","357.02","346.11","8.40M","1.58%"
"2018年6月27日","344.50","345.00","350.79","339.50","8.33M","0.73%"
"2018年6月26日","342.00","336.05","343.55","325.80","7.45M","2.70%"
"2018年6月25日","333.01","330.12","338.47","327.50","6.93M","-0.19%"
"2018年6月22日","333.63","351.54","352.25","332.00","10.27M","-3.99%"
"2018年6月21日","347.51","362.00","366.21","346.27","7.97M","-4.06%"
"2018年6月20日","362.22","358.04","364.38","352.00","8.38M","2.74%"
"2018年6月19日","352.55","365.16","370.00","346.25","12.76M","-4.93%"
"2018年6月18日","370.83","355.40","373.73","354.50","12.07M","3.53%"
"2018年6月15日","358.17","353.84","364.67","351.25","10.85M","0.13%"
"2018年6月14日","357.72","347.63","358.75","346.60","10.98M","3.75%"
"2018年6月13日","344.78","346.71","347.20","339.80","9.47M","0.59%"
"2018年6月12日","342.77","344.70","354.97","338.00","22.35M","3.21%"
"2018年6月11日","332.10","322.51","334.66","322.50","13.18M","4.55%"
"2018年6月8日","317.66","319.00","324.48","317.15","8.21M","0.50%"
"2018年6月7日","316.09","316.15","330.00","313.58","14.35M","-1.07%"
"2018年6月6日","319.50","300.50","322.17","297.48","18.77M","9.74%"
"2018年6月5日","291.13","297.70","297.80","286.74","6.00M","-1.89%"
"2018年6月4日","296.74","294.34","299.00","293.55","4.80M","1.69%"
"2018年6月1日","291.82","285.86","291.95","283.84","5.42M","2.49%"
"2018年5月31日","284.73","287.21","290.37","282.93","5.92M","-2.40%"
"2018年5月30日","291.72","283.29","295.00","281.60","7.49M","2.81%"
"2018年5月29日","283.76","278.51","286.50","276.15","5.67M","1.76%"
"2018年5月25日","278.85","277.63","279.64","275.61","3.88M","0.36%"
"2018年5月24日","277.85","278.40","281.11","274.89","4.18M","-0.44%"
"2018年5月23日","279.07","277.76","279.91","274.00","5.99M","1.48%"
"2018年5月22日","275.01","287.76","288.00","273.42","8.95M","-3.33%"
"2018年5月21日","284.49","281.33","291.49","281.30","9.18M","2.77%"
"2018年5月18日","276.82","284.65","284.65","274.00","7.25M","-2.71%"
"2018年5月17日","284.54","285.90","289.19","283.97","4.42M","-0.68%"
"2018年5月16日","286.48","283.83","288.81","281.56","5.67M","0.81%"
"2018年5月15日","284.18","285.01","286.96","280.50","9.52M","-2.67%"
"2018年5月14日","291.97","303.32","304.94","291.62","7.29M","-3.02%"
"2018年5月11日","301.06","307.70","308.88","299.08","4.68M","-1.30%"
"2018年5月10日","305.02","307.50","312.99","304.11","5.65M","-0.60%"
"2018年5月9日","306.85","300.41","307.01","300.05","5.73M","1.62%"
"2018年5月8日","301.97","300.80","307.75","299.00","5.93M","-0.26%"
"2018年5月7日","302.77","297.50","305.96","295.17","8.68M","2.95%"
"2018年5月4日","294.09","283.00","296.86","279.52","8.57M","3.39%"
"2018年5月3日","284.45","278.79","288.04","275.23","17.35M","-5.55%"
"2018年5月2日","301.15","298.57","306.85","297.78","8.97M","0.41%"
"2018年5月1日","299.92","293.51","300.82","293.22","4.63M","2.05%"
"2018年4月30日","293.90","293.61","298.73","292.50","4.23M","-0.06%"
"2018年4月27日","294.07","285.37","294.47","283.83","4.36M","3.01%"
"2018年4月26日","285.48","278.75","285.79","276.50","4.36M","1.71%"
"2018年4月25日","280.69","283.50","285.16","277.25","4.01M","-0.98%"
"2018年4月24日","283.46","285.00","287.09","278.46","5.69M","0.03%"
"2018年4月23日","283.37","291.29","291.62","282.33","4.89M","-2.37%"
"2018年4月20日","290.24","295.17","299.98","289.75","5.63M","-3.28%"
"2018年4月19日","300.08","291.08","301.01","288.55","6.09M","2.29%"
"2018年4月18日","293.35","291.08","300.24","288.16","6.56M","1.97%"
"2018年4月17日","287.69","288.87","292.17","282.51","7.00M","-1.21%"
"2018年4月16日","291.21","299.00","299.66","289.01","6.34M","-3.04%"
"2018年4月13日","300.34","303.60","303.95","295.98","7.33M","2.13%"
"2018年4月12日","294.08","302.32","303.95","293.68","7.61M","-2.28%"
"2018年4月11日","300.93","300.74","308.98","299.66","7.48M","-1.24%"
"2018年4月10日","304.70","298.97","307.10","293.68","11.02M","5.19%"
"2018年4月9日","289.66","300.37","309.50","289.21","10.25M","-3.22%"
"2018年4月6日","299.30","301.00","309.28","295.50","13.52M","-2.10%"
"2018年4月5日","305.72","289.34","306.26","288.20","19.12M","6.54%"
"2018年4月4日","286.94","252.78","288.37","252.00","19.90M","7.26%"
"2018年4月3日","267.53","269.82","273.35","254.49","18.84M","5.96%"
"2018年4月2日","252.48","256.26","260.33","244.59","16.11M","-5.13%"
"2018年3月29日","266.13","256.49","270.96","248.21","15.17M","3.24%"
"2018年3月28日","257.78","264.58","268.68","252.10","21.00M","-7.67%"
"2018年3月27日","279.18","304.00","304.27","277.18","13.87M","-8.22%"
"2018年3月26日","304.18","307.34","307.59","291.36","8.38M","0.88%"
"2018年3月23日","301.54","311.25","311.61","300.45","6.65M","-2.45%"
"2018年3月22日","309.10","313.89","318.82","308.18","4.94M","-2.35%"
"2018年3月21日","316.53","310.25","322.44","310.19","5.96M","1.93%"
"2018年3月20日","310.55","314.87","316.25","308.76","4.76M","-0.96%"
"2018年3月19日","313.56","316.50","320.75","309.67","7.48M","-2.42%"
"2018年3月16日","321.35","325.96","327.40","319.07","6.12M","-1.31%"
"2018年3月15日","325.60","329.38","332.85","321.10","6.56M","-0.32%"
"2018年3月14日","326.63","336.76","339.81","323.93","7.97M","-4.45%"
"2018年3月13日","341.84","344.92","345.12","336.26","5.97M","-1.06%"
"2018年3月12日","345.51","328.61","347.21","326.50","8.26M","5.61%"
"2018年3月9日","327.17","324.10","328.49","322.37","5.51M","-0.59%"
"2018年3月8日","329.10","332.86","333.30","326.27","3.57M","-0.96%"
"2018年3月7日","332.30","325.44","332.50","321.74","5.01M","1.25%"
"2018年3月6日","328.20","333.75","336.37","327.03","4.29M","-1.54%"
"2018年3月5日","333.35","332.39","337.75","329.29","3.82M","-0.53%"
"2018年3月2日","335.12","326.98","335.22","322.97","5.09M","1.27%"
"2018年3月1日","330.93","345.01","348.67","330.07","6.89M","-3.54%"
"2018年2月28日","343.06","352.57","355.24","342.22","6.07M","-2.26%"
"2018年2月27日","350.99","356.25","359.99","350.01","4.80M","-1.80%"
"2018年2月26日","357.42","353.50","359.00","352.36","4.34M","1.53%"
"2018年2月23日","352.05","347.83","354.99","347.10","5.82M","1.70%"
"2018年2月22日","346.17","335.53","347.44","334.75","6.97M","3.86%"
"2018年2月21日","333.30","336.03","339.69","333.17","3.22M","-0.44%"
"2018年2月20日","334.77","334.47","340.84","331.50","4.01M","-0.21%"
"2018年2月16日","335.49","332.50","343.12","331.64","5.64M","0.43%"
"2018年2月15日","334.06","324.50","334.12","322.40","5.91M","3.65%"
"2018年2月14日","322.31","320.84","326.17","318.52","3.95M","-0.42%"
"2018年2月13日","323.66","315.02","324.19","312.51","4.56M","2.51%"
"2018年2月12日","315.73","316.13","318.08","306.25","6.23M","1.71%"
"2018年2月9日","310.42","319.93","320.98","294.76","12.93M","-1.53%"
"2018年2月8日","315.23","343.31","348.62","314.60","10.31M","-8.63%"
"2018年2月7日","345.00","338.99","346.00","335.66","6.97M","3.30%"
"2018年2月6日","333.97","325.21","336.22","323.50","5.09M","0.25%"
"2018年2月5日","333.13","337.97","344.47","333.00","4.46M","-3.09%"
"2018年2月2日","343.75","348.44","351.95","340.51","3.70M","-1.57%"
"2018年2月1日","349.25","351.00","359.66","348.63","4.20M","-1.43%"
"2018年1月31日","354.31","347.51","356.19","345.19","6.21M","2.46%"
"2018年1月30日","345.82","345.14","348.27","342.17","4.72M","-1.06%"
"2018年1月29日","349.53","339.85","350.85","338.28","4.75M","1.95%"
"2018年1月26日","342.85","341.50","344.00","335.71","4.54M","1.54%"
"2018年1月25日","337.64","348.27","349.20","336.40","6.74M","-2.39%"
"2018年1月24日","345.89","354.58","354.75","343.52","5.29M","-1.96%"
"2018年1月23日","352.79","360.00","360.50","351.00","5.47M","0.35%"
"2018年1月22日","351.56","349.40","357.83","349.20","6.21M","0.44%"
"2018年1月19日","350.02","345.00","350.59","342.60","4.89M","1.58%"
"2018年1月18日","344.57","345.67","352.30","343.74","5.69M","-0.75%"
"2018年1月17日","347.16","340.47","349.00","339.75","7.10M","2.09%"
"2018年1月16日","340.06","337.54","345.00","334.80","6.47M","1.14%"
"2018年1月12日","336.22","338.63","340.41","333.67","4.83M","-0.51%"
"2018年1月11日","337.95","335.24","344.81","333.26","6.65M","0.94%"
"2018年1月10日","334.80","332.20","337.00","330.00","4.31M","0.33%"
"2018年1月9日","333.69","335.16","338.80","327.40","7.15M","-0.81%"
"2018年1月8日","336.41","316.00","337.02","315.50","9.86M","6.26%"
"2018年1月5日","316.58","316.62","317.24","312.00","4.59M","0.62%"
"2018年1月4日","314.62","312.87","318.55","305.68","9.95M","-0.83%"
"2018年1月3日","317.25","321.00","325.25","315.55","4.52M","-1.02%"
"2018年1月2日","320.53","312.00","322.11","311.00","4.35M","2.95%"
"2017年12月29日","311.35","316.18","316.41","310.00","3.78M","-1.27%"
"2017年12月28日","315.36","311.75","315.82","309.54","4.32M","1.19%"
"2017年12月27日","311.64","316.00","317.68","310.75","4.71M","-1.78%"
"2017年12月26日","317.29","323.83","323.94","316.58","4.38M","-2.43%"
"2017年12月22日","325.20","329.51","330.92","324.82","4.22M","-1.95%"
"2017年12月21日","331.66","329.59","333.74","327.21","4.39M","0.81%"
"2017年12月20日","328.98","332.69","333.10","325.04","5.95M","-0.64%"
"2017年12月19日","331.10","340.26","341.49","330.30","6.82M","-2.29%"
"2017年12月18日","338.87","344.90","346.73","337.58","5.48M","-1.33%"
"2017年12月15日","343.45","342.04","343.90","335.76","6.93M","1.65%"
"2017年12月14日","337.89","341.01","347.44","336.90","5.80M","-0.34%"
"2017年12月13日","339.03","340.93","344.22","336.50","6.22M","-0.59%"
"2017年12月12日","341.03","330.45","341.44","330.03","8.73M","3.68%"
"2017年12月11日","328.91","314.63","329.01","313.75","7.94M","4.37%"
"2017年12月8日","315.13","314.60","316.98","311.26","3.47M","1.25%"
"2017年12月7日","311.24","312.00","318.63","311.05","4.78M","-0.64%"
"2017年12月6日","313.26","300.10","313.39","300.00","7.20M","3.15%"
"2017年12月5日","303.70","302.00","308.00","301.00","4.65M","-0.49%"
"2017年12月4日","305.20","306.50","308.26","300.61","5.84M","-0.43%"
"2017年12月1日","306.53","305.44","310.32","305.05","4.29M","-0.75%"
"2017年11月30日","308.85","308.56","310.70","304.54","4.35M","0.43%"
"2017年11月29日","307.54","317.30","318.00","301.23","8.77M","-3.15%"
"2017年11月28日","317.55","316.36","320.00","313.92","4.95M","0.23%"
"2017年11月27日","316.81","313.25","317.34","309.51","4.56M","0.40%"
"2017年11月24日","315.55","313.79","316.41","311.00","3.24M","0.94%"
"2017年11月22日","312.60","316.77","317.42","311.84","4.92M","-1.64%"
"2017年11月21日","317.81","310.86","318.23","308.71","7.26M","2.94%"
"2017年11月20日","308.74","313.79","315.50","304.75","8.25M","-2.00%"
"2017年11月17日","315.05","325.67","326.67","313.15","13.74M","0.82%"
"2017年11月16日","312.50","313.99","318.14","311.30","5.82M","0.39%"
"2017年11月15日","311.30","306.01","312.49","301.50","5.98M","0.84%"
"2017年11月14日","308.70","315.00","316.35","306.90","5.68M","-2.12%"
"2017年11月13日","315.40","300.13","316.80","299.11","7.58M","4.10%"
"2017年11月10日","302.99","302.50","308.36","301.85","4.63M","0.00%"
"2017年11月9日","302.99","302.50","304.46","296.30","5.45M","-0.46%"
"2017年11月8日","304.39","305.50","306.89","301.30","4.73M","-0.54%"
"2017年11月7日","306.05","301.02","306.50","300.03","5.29M","1.08%"
"2017年11月6日","302.78","307.00","307.50","299.01","6.49M","-1.08%"
"2017年11月3日","306.09","299.50","306.25","295.13","8.89M","2.28%"
"2017年11月2日","299.26","300.13","308.69","292.63","19.79M","-6.80%"
"2017年11月1日","321.08","332.25","332.61","320.26","8.46M","-3.15%"
"2017年10月31日","331.53","320.23","331.95","320.18","5.67M","3.58%"
"2017年10月30日","320.08","319.18","323.78","317.25","4.25M","-0.25%"
"2017年10月27日","320.87","319.75","324.59","316.66","6.98M","-1.62%"
"2017年10月26日","326.17","327.78","330.23","323.20","5.02M","0.10%"
"2017年10月25日","325.84","336.70","337.50","323.56","8.59M","-3.41%"
"2017年10月24日","337.34","338.80","342.80","336.16","4.49M","0.09%"
"2017年10月23日","337.02","349.88","349.95","336.25","5.75M","-2.34%"
"2017年10月20日","345.10","352.69","354.55","344.34","4.93M","-1.91%"
"2017年10月19日","351.81","355.56","357.15","348.20","5.06M","-2.18%"
"2017年10月18日","359.65","355.97","363.00","354.13","4.94M","1.10%"
"2017年10月17日","355.75","350.91","356.22","350.07","3.29M","1.47%"
"2017年10月16日","350.60","353.76","354.48","347.16","5.38M","-1.40%"
"2017年10月13日","355.57","356.98","358.49","353.68","3.54M","-0.03%"
"2017年10月12日","355.68","352.95","359.78","352.64","4.09M","0.30%"
"2017年10月11日","354.60","353.89","357.60","351.15","4.50M","-0.28%"
"2017年10月10日","355.59","346.80","355.63","345.53","6.98M","3.69%"
"2017年10月9日","342.94","349.65","351.75","342.67","7.49M","-3.91%"
"2017年10月6日","356.88","353.10","360.10","352.25","4.30M","0.44%"
"2017年10月5日","355.33","356.00","357.44","351.35","4.17M","0.09%"
"2017年10月4日","355.01","351.25","358.62","349.60","8.16M","1.97%"
"2017年10月3日","348.14","335.90","348.55","331.28","10.15M","1.94%"
"2017年10月2日","341.53","342.52","343.70","335.51","5.29M","0.13%"
"2017年9月29日","341.10","341.86","344.68","338.60","5.11M","0.44%"
"2017年9月28日","339.60","339.88","342.75","335.40","5.32M","-0.40%"
"2017年9月27日","340.97","349.90","351.49","340.50","6.06M","-1.24%"
"2017年9月26日","345.25","350.93","351.24","340.90","7.16M","0.08%"
"2017年9月25日","344.99","353.15","357.47","342.88","7.61M","-1.74%"
"2017年9月22日","351.09","366.49","369.90","350.88","8.16M","-4.20%"
"2017年9月21日","366.48","374.90","376.83","364.51","4.62M","-1.99%"
"2017年9月20日","373.91","373.00","378.25","371.07","4.92M","-0.32%"
"2017年9月19日","375.10","380.00","382.39","373.57","6.45M","-2.57%"
"2017年9月18日","385.00","380.25","389.61","377.68","7.19M","1.37%"
"2017年9月15日","379.81","374.51","380.00","372.70","5.42M","0.57%"
"2017年9月14日","377.64","364.33","377.96","362.63","7.20M","3.12%"
"2017年9月13日","366.23","363.82","368.07","359.59","4.19M","0.96%"
"2017年9月12日","362.75","364.49","368.76","360.40","5.97M","-0.26%"
"2017年9月11日","363.69","351.35","363.71","350.00","7.67M","5.91%"
"2017年9月8日","343.40","348.99","349.78","342.30","3.26M","-2.06%"
"2017年9月7日","350.61","345.98","352.48","343.45","4.24M","1.76%"
"2017年9月6日","344.53","349.50","350.98","341.56","4.09M","-1.45%"
"2017年9月5日","349.59","353.80","355.49","345.89","3.85M","-1.63%"
"2017年9月1日","355.40","356.12","357.59","353.69","3.05M","-0.14%"
"2017年8月31日","355.90","353.55","358.44","352.82","4.07M","0.77%"
"2017年8月30日","353.18","349.67","353.47","347.00","3.41M","1.68%"
"2017年8月29日","347.36","339.48","349.05","338.75","4.07M","0.49%"
"2017年8月28日","345.66","347.28","347.35","339.72","3.76M","-0.69%"
"2017年8月25日","348.05","354.24","355.69","347.30","3.48M","-1.38%"
"2017年8月24日","352.93","352.52","356.66","349.74","4.58M","0.05%"
"2017年8月23日","352.77","338.99","353.49","338.30","4.95M","3.35%"
"2017年8月22日","341.35","341.13","342.24","337.37","4.32M","1.03%"
"2017年8月21日","337.86","345.82","345.82","331.85","6.50M","-2.76%"
"2017年8月18日","347.46","352.91","354.00","345.80","5.41M","-1.27%"
"2017年8月17日","351.92","361.21","363.30","351.59","5.03M","-3.03%"
"2017年8月16日","362.91","363.00","366.50","362.52","3.41M","0.16%"
"2017年8月15日","362.33","365.20","365.49","359.37","3.09M","-0.40%"
"2017年8月14日","363.80","364.63","367.66","362.60","4.52M","1.66%"
"2017年8月11日","357.87","356.97","361.26","353.62","4.37M","0.69%"
"2017年8月10日","355.40","361.60","366.65","354.66","7.09M","-2.24%"
"2017年8月9日","363.53","361.00","370.00","358.95","6.89M","-0.46%"
"2017年8月8日","365.22","357.53","368.58","357.40","7.45M","2.83%"
"2017年8月7日","355.17","357.35","359.48","352.75","6.32M","-0.49%"
"2017年8月4日","356.91","347.00","357.27","343.30","9.27M","2.83%"
"2017年8月3日","347.09","345.33","350.00","343.15","13.54M","6.51%"
"2017年8月2日","325.89","318.94","327.12","311.22","13.09M","1.98%"
"2017年8月1日","319.57","323.00","324.45","316.13","8.30M","-1.21%"
"2017年7月31日","323.47","335.50","341.49","321.04","8.54M","-3.46%"
"2017年7月28日","335.07","336.89","339.60","332.51","4.88M","0.18%"
"2017年7月27日","334.46","346.00","347.50","326.29","8.30M","-2.73%"
"2017年7月26日","343.85","340.36","345.50","338.12","4.82M","1.25%"
"2017年7月25日","339.60","345.00","345.60","334.15","6.99M","-0.85%"
"2017年7月24日","342.52","330.24","343.40","330.01","8.64M","4.30%"
"2017年7月21日","328.40","329.46","331.26","325.80","4.90M","-0.46%"
"2017年7月20日","329.92","326.90","330.22","324.20","5.17M","1.43%"
"2017年7月19日","325.26","328.23","331.65","323.22","6.36M","-0.91%"
"2017年7月18日","328.24","317.50","329.13","315.66","6.37M","2.71%"
"2017年7月17日","319.57","325.54","327.10","313.45","9.88M","-2.50%"
"2017年7月14日","327.78","323.19","328.42","321.22","5.63M","1.35%"
"2017年7月13日","323.41","330.11","331.60","319.97","8.59M","-1.85%"
"2017年7月12日","329.52","330.40","333.10","324.50","10.35M","0.70%"
"2017年7月11日","327.22","316.00","327.28","314.30","11.56M","3.53%"
"2017年7月10日","316.05","312.90","317.94","303.13","13.82M","0.90%"
"2017年7月7日","313.22","313.50","317.00","307.38","14.18M","1.42%"
"2017年7月6日","308.83","317.26","320.79","306.30","19.32M","-5.58%"
"2017年7月5日","327.09","347.20","347.24","326.33","17.05M","-7.24%"
"2017年7月3日","352.62","370.24","371.35","351.50","6.31M","-2.49%"
"2017年6月30日","361.61","363.71","366.77","359.62","5.85M","0.24%"
"2017年6月29日","360.75","370.61","371.00","354.10","8.22M","-2.83%"
"2017年6月28日","371.24","366.68","371.74","362.52","6.30M","2.45%"
"2017年6月27日","362.37","376.40","376.40","362.02","7.00M","-4.01%"
"2017年6月26日","377.49","386.69","386.95","373.10","6.60M","-1.55%"
"2017年6月23日","383.45","382.45","386.99","379.35","6.45M","0.22%"
"2017年6月22日","382.61","377.99","385.00","373.57","7.53M","1.65%"
"2017年6月21日","376.40","374.35","376.99","368.02","4.92M","1.12%"
"2017年6月20日","372.24","376.67","378.88","369.73","7.44M","0.66%"
"2017年6月19日","369.80","375.00","376.70","367.80","6.55M","-0.43%"
"2017年6月16日","371.40","377.98","378.01","370.10","6.73M","-1.05%"
"2017年6月15日","375.34","372.50","375.46","366.49","10.43M","-1.40%"
"2017年6月14日","380.66","381.08","384.25","376.31","12.82M","1.25%"
"2017年6月13日","375.95","367.62","376.00","366.61","11.81M","4.72%"
"2017年6月12日","359.01","357.99","364.50","350.62","10.52M","0.47%"
"2017年6月9日","357.32","374.42","376.87","354.80","17.26M","-3.43%"
"2017年6月8日","370.00","363.75","371.90","360.22","9.06M","2.88%"
"2017年6月7日","359.65","356.34","360.50","355.14","9.40M","1.93%"
"2017年6月6日","352.85","344.70","359.49","339.97","11.09M","1.59%"
"2017年6月5日","347.32","338.50","348.44","334.21","6.78M","2.20%"
"2017年6月2日","339.85","339.77","342.88","335.93","5.59M","-0.15%"
"2017年6月1日","340.37","344.00","344.88","337.29","7.61M","-0.19%"
"2017年5月31日","341.01","337.69","342.89","335.16","9.96M","1.76%"
"2017年5月30日","335.10","326.00","336.28","325.76","7.78M","3.06%"
"2017年5月26日","325.14","317.28","325.49","316.31","7.80M","2.62%"
"2017年5月25日","316.83","311.02","316.97","307.81","5.01M","2.13%"
"2017年5月24日","310.22","306.51","311.00","305.40","5.04M","2.09%"
"2017年5月23日","303.86","310.46","310.73","303.48","4.32M","-2.09%"
"2017年5月22日","310.35","312.80","314.37","306.80","4.33M","-0.15%"
"2017年5月19日","310.83","315.50","316.50","310.20","4.69M","-0.71%"
"2017年5月18日","313.06","307.00","313.94","305.31","5.65M","2.27%"
"2017年5月17日","306.11","314.39","314.63","305.50","6.71M","-3.44%"
"2017年5月16日","317.01","317.59","320.06","315.14","4.15M","0.36%"
"2017年5月15日","315.88","318.38","320.20","312.53","7.62M","-2.75%"
"2017年5月12日","324.81","325.48","327.00","321.53","4.12M","0.53%"
"2017年5月11日","323.10","323.40","326.00","319.60","4.75M","-0.65%"
"2017年5月10日","325.22","321.56","325.50","318.12","5.74M","1.23%"
"2017年5月9日","321.26","309.38","321.99","309.10","9.68M","4.58%"
"2017年5月8日","307.19","310.90","313.79","305.82","7.01M","-0.38%"
"2017年5月5日","308.35","298.00","308.55","296.80","8.18M","4.36%"
"2017年5月4日","295.46","307.44","307.77","290.76","14.15M","-5.00%"
"2017年5月3日","311.02","317.67","321.53","310.45","7.13M","-2.47%"
"2017年5月2日","318.89","324.00","327.66","316.56","5.38M","-1.22%"
"2017年5月1日","322.83","314.88","327.25","314.81","8.83M","2.79%"
"2017年4月28日","314.07","309.83","314.80","308.00","4.51M","1.76%"
"2017年4月27日","308.63","311.69","313.09","307.50","3.47M","-0.50%"
"2017年4月26日","310.17","312.37","314.50","309.00","4.70M","-1.15%"
"2017年4月25日","313.79","308.00","313.98","305.86","6.74M","1.87%"
"2017年4月24日","308.03","309.22","310.55","306.02","5.08M","0.80%"
"2017年4月21日","305.60","302.00","306.40","300.42","4.51M","1.02%"
"2017年4月20日","302.51","306.51","309.15","300.23","6.15M","-0.99%"
"2017年4月19日","305.52","302.46","306.62","302.11","3.90M","1.76%"
"2017年4月18日","300.25","299.70","300.84","297.90","3.04M","-0.39%"
"2017年4月17日","301.44","302.70","304.00","298.68","4.14M","-0.84%"
"2017年4月13日","304.00","296.70","307.39","295.30","9.28M","2.41%"
"2017年4月12日","296.84","306.34","308.45","296.32","6.05M","-3.85%"
"2017年4月11日","308.71","313.38","313.47","305.50","5.72M","-1.18%"
"2017年4月10日","312.39","309.15","313.73","308.71","7.66M","3.26%"
"2017年4月7日","302.54","297.50","302.69","297.15","4.58M","1.29%"
"2017年4月6日","298.70","296.88","301.94","294.10","5.52M","1.25%"
"2017年4月5日","295.00","302.04","304.88","294.20","7.88M","-2.86%"
"2017年4月4日","303.70","296.89","304.81","294.53","10.13M","1.74%"
"2017年4月3日","298.52","286.90","299.00","284.58","13.89M","7.27%"
"2017年3月31日","278.30","278.73","279.68","276.32","3.29M","0.14%"
"2017年3月30日","277.92","278.04","282.00","277.21","4.15M","0.19%"
"2017年3月29日","277.38","278.34","279.60","275.54","3.68M","-0.03%"
"2017年3月28日","277.45","277.02","280.68","275.00","7.99M","2.68%"
"2017年3月27日","270.22","260.60","270.57","259.75","6.23M","2.68%"
"2017年3月24日","263.16","255.70","263.89","255.01","5.65M","3.29%"
"2017年3月23日","254.78","255.39","257.67","253.30","3.32M","-0.09%"
"2017年3月22日","255.01","251.56","255.07","250.51","4.06M","1.73%"
"2017年3月21日","250.68","262.83","264.80","250.24","6.91M","-4.29%"
"2017年3月20日","261.92","260.60","264.55","258.82","3.61M","0.16%"
"2017年3月17日","261.50","264.00","265.33","261.20","6.50M","-0.21%"
"2017年3月16日","262.05","262.40","265.75","259.06","7.13M","2.47%"
"2017年3月15日","255.73","257.00","261.00","254.27","5.33M","-0.88%"
"2017年3月14日","258.00","246.11","258.12","246.02","7.60M","4.81%"
"2017年3月13日","246.17","244.82","246.85","242.78","3.02M","1.02%"
"2017年3月10日","243.69","246.21","246.50","243.00","3.07M","-0.49%"
"2017年3月9日","244.90","247.63","248.66","243.00","3.88M","-0.80%"
"2017年3月8日","246.87","247.00","250.07","245.32","3.73M","-0.69%"
"2017年3月7日","248.59","251.92","253.89","248.32","3.46M","-1.04%"
"2017年3月6日","251.21","247.91","251.70","247.51","3.36M","-0.14%"
"2017年3月3日","251.57","250.74","251.90","249.00","2.93M","0.44%"
"2017年3月2日","250.48","249.71","253.28","248.27","3.35M","0.18%"
"2017年3月1日","250.02","254.18","254.85","249.11","4.81M","0.01%"
"2017年2月28日","249.99","244.19","251.00","243.90","6.08M","1.53%"
"2017年2月27日","246.23","248.17","248.36","242.01","11.46M","-4.19%"
"2017年2月24日","257.00","252.66","258.25","250.20","8.17M","0.39%"